id,category_id,name,description,price,images,variants,stock,is_active,created_at,collection_id,specifications,short_description,shipping_info,fts
1,4,Áo mới test,"Áo thun trắng cotton 100% cao cấp, thấm hút mồ hôi tốt.",250000,"[""https://syqzwypdocfcpyhddoas.supabase.co/storage/v1/object/public/product-images/dark.jpg"",""https://syqzwypdocfcpyhddoas.supabase.co/storage/v1/object/public/product-images/white.jpg"",""https://syqzwypdocfcpyhddoas.supabase.co/storage/v1/object/public/product-images/red.jpg""]","{""sizes"": [""S"", ""M"", ""L"", ""XL""], ""options"": [{""hex"": ""#000000"", ""color"": ""Black"", ""stock"": 20, ""image_index"": 0}, {""hex"": ""#FFFFFF"", ""color"": ""White"", ""stock"": 50, ""image_index"": 1}, {""hex"": ""#EF4444"", ""color"": ""Red"", ""stock"": 0, ""image_index"": 2}]}",92,true,2026-01-07 02:20:32.279032+00,1,"[{""label"": ""Chất liệu"", ""value"": ""Cotton 95%, Spandex 5%""}, {""label"": ""Xuất xứ"", ""value"": ""Việt Nam""}, {""label"": ""Phong cách"", ""value"": ""Streetwear""}, {""label"": ""Độ dày"", ""value"": ""Vừa phải""}]",,"[{""time"": ""5-7 ngày"", ""type"": ""Tiêu chuẩn"", ""price"": 30000}, {""time"": ""1-2 ngày"", ""type"": ""Hỏa tốc"", ""price"": 50000}]","'100':8,23 'ao':16,19 'cao':9,24 'cap':25 'cotton':7,22 'cấp':10 'hoi':29 'hut':27 'hôi':14 'hút':12 'mo':28 'moi':17 'mồ':13 'mới':2 'test':3,18 'tham':26 'thun':5,20 'thấm':11 'tot':30 'trang':21 'trắng':6 'tốt':15 'áo':1,4"
2,,Váy hoa mùa hè,"Váy hoa mùa hè nhẹ nhàng, thoáng mát, phong cách vintage.",450000,"[""https://syqzwypdocfcpyhddoas.supabase.co/storage/v1/object/public/product-images/vay-hoa-mua-he__10__21d1b957584e420a8291ee6d31d3ad0c.jpg""]","{""sizes"": [""S"", ""M""], ""colors"": [""Red"", ""Blue""]}",100,true,2026-01-07 02:20:32.279032+00,4,[],,"[{""time"": ""5-7 ngày"", ""type"": ""Tiêu chuẩn"", ""price"": 30000}, {""time"": ""1-2 ngày"", ""type"": ""Hỏa tốc"", ""price"": 50000}]","'cach':29 'cách':14 'he':19,23 'hoa':2,6,17,21 'hè':4,8 'mat':27 'mua':18,22 'mát':12 'mùa':3,7 'nhang':25 'nhe':24 'nhàng':10 'nhẹ':9 'phong':13,28 'thoang':26 'thoáng':11 'vay':16,20 'vintage':15,30 'váy':1,5"
3,14,Áo đen hoodie,"Áo hoodie đen phong cách đường phố, chất nỉ dày dặn.",550000,"[""https://syqzwypdocfcpyhddoas.supabase.co/storage/v1/object/public/product-images/images.jpg""]","{""sizes"": [""M"", ""L"", ""XL""], ""colors"": [""Black""]}",100,true,2026-01-07 02:20:32.279032+00,1,[],,"[{""time"": ""5-7 ngày"", ""type"": ""Tiêu chuẩn"", ""price"": 30000}, {""time"": ""1-2 ngày"", ""type"": ""Hỏa tốc"", ""price"": 50000}]","'ao':15,18 'cach':22 'chat':25 'chất':11 'cách':8 'dan':28 'day':27 'den':16,20 'duong':23 'dày':13 'dặn':14 'hoodie':3,5,17,19 'ni':26 'nỉ':12 'pho':24 'phong':7,21 'phố':10 'áo':1,4 'đen':2,6 'đường':9"
4,,Đồng hồ,"Đồng hồ dây da nam tính, mặt kính chống xước.",1200000,"[""https://syqzwypdocfcpyhddoas.supabase.co/storage/v1/object/public/product-images/dsc07129_2ca25b2fc14d4e51918b87c748d5374a.jpg""]","{""sizes"": [""One Size""], ""colors"": [""Brown"", ""Black""]}",100,true,2026-01-07 02:20:32.279032+00,1,[],,"[{""time"": ""5-7 ngày"", ""type"": ""Tiêu chuẩn"", ""price"": 30000}, {""time"": ""1-2 ngày"", ""type"": ""Hỏa tốc"", ""price"": 50000}]","'chong':23 'chống':11 'da':6,18 'day':17 'dong':13,15 'dây':5 'ho':14,16 'hồ':2,4 'kinh':22 'kính':10 'mat':21 'mặt':9 'nam':7,19 'tinh':20 'tính':8 'xuoc':24 'xước':12 'đồng':1,3"
25,,Basic Cotton T-Shirt,"High quality cotton t-shirt, breathable and comfortable.",150000,"[""https://images.unsplash.com/photo-1521572163474-6864f9cf17ab?auto=format&fit=crop&w=500&q=60"",""https://images.unsplash.com/photo-1581655353564-df123a1eb820?auto=format&fit=crop&w=500&q=60""]","{""sizes"": [""S"", ""M"", ""L"", ""XL""], ""options"": [{""hex"": ""#000000"", ""color"": ""Black"", ""stock"": 50, ""image_index"": 0}, {""hex"": ""#FFFFFF"", ""color"": ""White"", ""stock"": 50, ""image_index"": 1}]}",100,true,2026-01-22 05:40:45.928315+00,21,[],,"[{""time"": ""5-7 ngày"", ""type"": ""Tiêu chuẩn"", ""price"": 30000}, {""time"": ""1-2 ngày"", ""type"": ""Hỏa tốc"", ""price"": 50000}]","'and':13,27 'basic':1,15 'breathable':12,26 'comfortable':14,28 'cotton':2,8,16,22 'high':6,20 'quality':7,21 'shirt':5,11,19,25 't':4,10,18,24 't-shirt':3,9,17,23"
26,,Streetwear Hoodie,Warm and stylish hoodie.,350000,"[""https://images.unsplash.com/photo-1556905055-8f358a7a47b2?auto=format&fit=crop&w=500&q=60""]","{""sizes"": [""M"", ""L"", ""XL""], ""options"": [{""hex"": ""#EF4444"", ""color"": ""Red"", ""stock"": 20, ""image_index"": 0}]}",20,true,2026-01-22 05:40:45.928315+00,22,[],,"[{""time"": ""5-7 ngày"", ""type"": ""Tiêu chuẩn"", ""price"": 30000}, {""time"": ""1-2 ngày"", ""type"": ""Hỏa tốc"", ""price"": 50000}]","'and':4,10 'hoodie':2,6,8,12 'streetwear':1,7 'stylish':5,11 'warm':3,9"
27,,Pro Running Shoes,Lightweight shoes for daily running.,1200000,"[""https://images.unsplash.com/photo-1542291026-7eec264c27ff?auto=format&fit=crop&w=500&q=60""]","{""sizes"": [""39"", ""40"", ""41"", ""42""], ""options"": [{""hex"": ""#0000FF"", ""color"": ""Blue"", ""stock"": 30, ""image_index"": 0}]}",30,true,2026-01-22 05:40:45.928315+00,,[],,"[{""time"": ""5-7 ngày"", ""type"": ""Tiêu chuẩn"", ""price"": 30000}, {""time"": ""1-2 ngày"", ""type"": ""Hỏa tốc"", ""price"": 50000}]","'daily':7,15 'for':6,14 'lightweight':4,12 'pro':1,9 'running':2,8,10,16 'shoes':3,5,11,13"
28,,Classic Leather Bag,Genuine leather.,800000,"[""https://images.unsplash.com/photo-1590874103328-3da8eed91630?auto=format&fit=crop&w=500&q=60""]",{},15,true,2026-01-22 05:40:45.928315+00,,[],,"[{""time"": ""5-7 ngày"", ""type"": ""Tiêu chuẩn"", ""price"": 30000}, {""time"": ""1-2 ngày"", ""type"": ""Hỏa tốc"", ""price"": 50000}]","'bag':3,8 'classic':1,6 'genuine':4,9 'leather':2,5,7,10"
29,,Summer Floral Dress,Beautiful pattern.,450000,"[""https://images.unsplash.com/photo-1572804013309-59a88b7e92f1?auto=format&fit=crop&w=500&q=60""]",{},40,true,2026-01-22 05:40:45.928315+00,,[],,"[{""time"": ""5-7 ngày"", ""type"": ""Tiêu chuẩn"", ""price"": 30000}, {""time"": ""1-2 ngày"", ""type"": ""Hỏa tốc"", ""price"": 50000}]","'beautiful':4,9 'dress':3,8 'floral':2,7 'pattern':5,10 'summer':1,6"
80,8,Áo Thun Nam Basic Cổ Tròn,"Sản phẩm cơ bản không thể thiếu trong tủ đồ nam giới. Chất liệu 100% cotton mềm mịn, co giãn 4 chiều.",150000,"[""https://images.unsplash.com/photo-1521572163474-6864f9cf17ab?q=80&w=800""]","{""options"": [{""size"": ""M"", ""color"": ""Đen""}, {""size"": ""L"", ""color"": ""Trắng""}]}",100,true,2026-04-04 09:39:12.842311+00,,"[{""name"": ""Chất liệu"", ""value"": ""100% Cotton""}]","Áo thun cotton thoáng mát, thấm hút mồ hôi tốt.","[{""time"": ""5-7 ngày"", ""type"": ""Tiêu chuẩn"", ""price"": 3.00}, {""time"": ""1-2 ngày"", ""type"": ""Hỏa tốc"", ""price"": 12.00}]","'100':21,49 '4':27,55 'ao':29 'ban':38 'basic':4,32 'bản':10 'chat':47 'chieu':56 'chiều':28 'chất':19 'co':25,33,37,53 'cotton':22,50 'cơ':9 'cổ':5 'do':44 'gian':54 'gioi':46 'giãn':26 'giới':18 'khong':39 'không':11 'lieu':48 'liệu':20 'mem':51 'min':52 'mềm':23 'mịn':24 'nam':3,17,31,45 'pham':36 'phẩm':8 'san':35 'sản':7 'the':40 'thieu':41 'thiếu':13 'thun':2,30 'thể':12 'tron':34 'trong':14,42 'tròn':6 'tu':43 'tủ':15 'áo':1 'đồ':16"
81,8,Áo Thun Polo Nam Thể Thao,"Phù hợp đi làm, đi chơi. Công nghệ vải tản nhiệt giúp cơ thể luôn mát mẻ.",250000,"[""https://images.unsplash.com/photo-1581655353564-df123a1eb820?q=80&w=800""]","{""options"": [{""size"": ""L"", ""color"": ""Xanh Navy""}, {""size"": ""XL"", ""color"": ""Xám""}]}",50,true,2026-04-04 09:39:12.842311+00,,"[{""name"": ""Kiểu dáng"", ""value"": ""Regular Fit""}]",Áo Polo lịch lãm nhưng vẫn năng động.,"[{""time"": ""5-7 ngày"", ""type"": ""Tiêu chuẩn"", ""price"": 3.00}, {""time"": ""1-2 ngày"", ""type"": ""Hỏa tốc"", ""price"": 12.00}]","'ao':24 'choi':35 'chơi':12 'co':42 'cong':36 'công':13 'cơ':19 'di':32,34 'giup':41 'giúp':18 'hop':31 'hợp':8 'lam':33 'luon':44 'luôn':21 'làm':10 'mat':45 'me':46 'mát':22 'mẻ':23 'nam':4,27 'nghe':37 'nghệ':14 'nhiet':40 'nhiệt':17 'phu':30 'phù':7 'polo':3,26 'tan':39 'thao':6,29 'the':28,43 'thun':2,25 'thể':5,20 'tản':16 'vai':38 'vải':15 'áo':1 'đi':9,11"
82,8,Áo Thun Oversize Dáng Rộng,"Áo thun form rộng thoải mái, in hình graphic nổi bật ở mặt lưng.",199000,"[""https://images.unsplash.com/photo-1562157873-818bc0726f68?q=80&w=800""]","{""options"": [{""size"": ""M"", ""color"": ""Trắng""}, {""size"": ""L"", ""color"": ""Trắng""}]}",80,true,2026-04-04 09:39:12.842311+00,,"[{""name"": ""Phong cách"", ""value"": ""Streetwear""}]",Phong cách Streetwear trẻ trung.,"[{""time"": ""5-7 ngày"", ""type"": ""Tiêu chuẩn"", ""price"": 3.00}, {""time"": ""1-2 ngày"", ""type"": ""Hỏa tốc"", ""price"": 12.00}]","'ao':20,25 'bat':35 'bật':16 'dang':23 'dáng':4 'form':8,27 'graphic':14,33 'hinh':32 'hình':13 'in':12,31 'lung':38 'lưng':19 'mai':30 'mat':37 'mái':11 'mặt':18 'noi':34 'nổi':15 'o':36 'oversize':3,22 'rong':24,28 'rộng':5,9 'thoai':29 'thoải':10 'thun':2,7,21,26 'áo':1,6 'ở':17"
83,9,Áo Sơ Mi Nam Trắng Công Sở,"Form áo ôm vừa vặn, chất liệu sợi sồi (Bamboo) siêu mềm và kháng khuẩn.",350000,"[""https://images.unsplash.com/photo-1598033129183-c4f50c736f10?q=80&w=800""]","{""options"": [{""size"": ""M"", ""color"": ""Trắng""}, {""size"": ""L"", ""color"": ""Trắng""}]}",120,true,2026-04-04 09:39:12.842311+00,,"[{""name"": ""Chất liệu"", ""value"": ""Vải Bamboo""}]","Sơ mi trắng thanh lịch, chống nhăn.","[{""time"": ""5-7 ngày"", ""type"": ""Tiêu chuẩn"", ""price"": 3.00}, {""time"": ""1-2 ngày"", ""type"": ""Hỏa tốc"", ""price"": 12.00}]","'ao':23,31 'bamboo':17,39 'chat':35 'chất':13 'cong':28 'công':6 'form':8,30 'khang':43 'khuan':44 'khuẩn':22 'kháng':21 'lieu':36 'liệu':14 'mem':41 'mi':3,25 'mềm':19 'nam':4,26 'om':32 'sieu':40 'siêu':18 'so':24,29 'soi':37,38 'sơ':2 'sồi':16 'sở':7 'sợi':15 'trang':27 'trắng':5 'va':42 'van':34 'vua':33 'và':20 'vặn':12 'vừa':11 'áo':1,9 'ôm':10"
84,9,Áo Sơ Mi Flannel Kẻ Caro,"Họa tiết caro kinh điển, dễ dàng khoác ngoài áo thun mang lại vẻ ngoài bụi bặm.",280000,"[""https://images.unsplash.com/photo-1574620023605-7284fbf41a6b?q=80&w=800""]","{""options"": [{""size"": ""L"", ""color"": ""Đỏ Đen""}, {""size"": ""XL"", ""color"": ""Xanh Đen""}]}",45,true,2026-04-04 09:39:12.842311+00,,"[{""name"": ""Chất liệu"", ""value"": ""Flannel""}]",Áo sơ mi vải dạ flannel cá tính.,"[{""time"": ""5-7 ngày"", ""type"": ""Tiêu chuẩn"", ""price"": 3.00}, {""time"": ""1-2 ngày"", ""type"": ""Hỏa tốc"", ""price"": 12.00}]","'ao':24,39 'bam':46 'bui':45 'bặm':23 'bụi':22 'caro':6,9,29,32 'dang':36 'de':35 'dien':34 'dàng':13 'dễ':12 'flannel':4,27 'hoa':30 'họa':7 'ke':28 'khoac':37 'khoác':14 'kinh':10,33 'kẻ':5 'lai':42 'lại':19 'mang':18,41 'mi':3,26 'ngoai':38,44 'ngoài':15,21 'so':25 'sơ':2 'thun':17,40 'tiet':31 'tiết':8 've':43 'vẻ':20 'áo':1,16 'điển':11"
85,9,Áo Sơ Mi Cộc Tay Nam Mùa Hè,"Lựa chọn số 1 cho mùa hè nhiệt đới, mặc đi biển hay dạo phố đều đẹp.",220000,"[""https://images.unsplash.com/photo-1602810318383-e386cc2a3ceb?q=80&w=800""]","{""options"": [{""size"": ""M"", ""color"": ""Xanh Nhạt""}, {""size"": ""L"", ""color"": ""Be""}]}",60,true,2026-04-04 09:39:12.842311+00,,"[{""name"": ""Chất liệu"", ""value"": ""Linen""}]",Sơ mi ngắn tay vải Linen thoáng khí.,"[{""time"": ""5-7 ngày"", ""type"": ""Tiêu chuẩn"", ""price"": 3.00}, {""time"": ""1-2 ngày"", ""type"": ""Hỏa tốc"", ""price"": 12.00}]","'1':12,37 'ao':26 'bien':45 'biển':20 'cho':13,38 'chon':35 'chọn':10 'coc':29 'cộc':4 'dao':47 'dep':50 'deu':49 'di':44 'doi':42 'dạo':22 'hay':21,46 'he':33,40 'hè':8,15 'lua':34 'lựa':9 'mac':43 'mi':3,28 'mua':32,39 'mùa':7,14 'mặc':18 'nam':6,31 'nhiet':41 'nhiệt':16 'pho':48 'phố':23 'so':27,36 'sơ':2 'số':11 'tay':5,30 'áo':1 'đi':19 'đẹp':25 'đều':24 'đới':17"
86,10,Áo Hoodie Nam Nỉ Bông,"Bên trong lót lông cừu nhân tạo ấm áp, túi bụng Kangaroo tiện lợi.",320000,"[""https://images.unsplash.com/photo-1556821840-3a63f95609a7?q=80&w=800""]","{""options"": [{""size"": ""L"", ""color"": ""Xám""}, {""size"": ""XL"", ""color"": ""Đen""}]}",40,true,2026-04-04 09:39:12.842311+00,,"[{""name"": ""Mùa"", ""value"": ""Thu Đông""}]","Hoodie giữ ấm cực tốt, có mũ rộng.","[{""time"": ""5-7 ngày"", ""type"": ""Tiêu chuẩn"", ""price"": 3.00}, {""time"": ""1-2 ngày"", ""type"": ""Hỏa tốc"", ""price"": 12.00}]","'am':32 'ao':20 'ap':33 'ben':25 'bong':24 'bung':35 'bên':6 'bông':5 'bụng':16 'cuu':29 'cừu':10 'hoodie':2,21 'kangaroo':17,36 'loi':38 'long':28 'lot':27 'lót':8 'lông':9 'lợi':19 'nam':3,22 'nhan':30 'nhân':11 'ni':23 'nỉ':4 'tao':31 'tien':37 'tiện':18 'trong':7,26 'tui':34 'túi':15 'tạo':12 'áo':1 'áp':14 'ấm':13"
87,10,Áo Sweater Nam Cổ Tròn,Dễ dàng mix cùng áo sơ mi bên trong tạo layer thanh lịch.,250000,"[""https://images.unsplash.com/photo-1620799140408-edc6dcb6d633?q=80&w=800""]","{""options"": [{""size"": ""M"", ""color"": ""Xanh Rêu""}, {""size"": ""L"", ""color"": ""Be""}]}",55,true,2026-04-04 09:39:12.842311+00,,"[{""name"": ""Kiểu dáng"", ""value"": ""Sweater""}]","Áo nỉ không mũ, phong cách Hàn Quốc.","[{""time"": ""5-7 ngày"", ""type"": ""Tiêu chuẩn"", ""price"": 3.00}, {""time"": ""1-2 ngày"", ""type"": ""Hỏa tốc"", ""price"": 12.00}]","'ao':19,28 'ben':31 'bên':13 'co':22 'cung':27 'cùng':9 'cổ':4 'dang':25 'de':24 'dàng':7 'dễ':6 'layer':16,34 'lich':36 'lịch':18 'mi':12,30 'mix':8,26 'nam':3,21 'so':29 'sweater':2,20 'sơ':11 'tao':33 'thanh':17,35 'tron':23 'trong':14,32 'tròn':5 'tạo':15 'áo':1,10"
88,10,Áo Khoác Hoodie Zip,"Mặc khoác ngoài siêu tiện lợi, mũ áo đứng form.",350000,"[""https://images.unsplash.com/photo-1608063615781-e2ef8c73d114?q=80&w=800""]","{""options"": [{""size"": ""M"", ""color"": ""Đen""}, {""size"": ""L"", ""color"": ""Đen""}]}",30,true,2026-04-04 09:39:12.842311+00,,"[{""name"": ""Chi tiết"", ""value"": ""Khóa kéo kim loại""}]",Hoodie có khóa kéo tiện dụng.,"[{""time"": ""5-7 ngày"", ""type"": ""Tiêu chuẩn"", ""price"": 3.00}, {""time"": ""1-2 ngày"", ""type"": ""Hỏa tốc"", ""price"": 12.00}]","'ao':15,26 'dung':27 'form':14,28 'hoodie':3,17 'khoac':16,20 'khoác':2,6 'loi':24 'lợi':10 'mac':19 'mu':25 'mũ':11 'mặc':5 'ngoai':21 'ngoài':7 'sieu':22 'siêu':8 'tien':23 'tiện':9 'zip':4,18 'áo':1,12 'đứng':13"
89,11,Quần Jeans Nam Slimfit,"Thiết kế tôn dáng chân, wash màu cơ bản dễ phối cùng sneaker.",350000,"[""https://images.unsplash.com/photo-1542272604-787c3835535d?q=80&w=800""]","{""options"": [{""size"": ""30"", ""color"": ""Xanh Đậm""}, {""size"": ""31"", ""color"": ""Xanh Nhạt""}]}",150,true,2026-04-04 09:39:12.842311+00,,"[{""name"": ""Form"", ""value"": ""Slimfit""}]","Quần bò nam ôm vừa vặn, co giãn nhẹ.","[{""time"": ""5-7 ngày"", ""type"": ""Tiêu chuẩn"", ""price"": 3.00}, {""time"": ""1-2 ngày"", ""type"": ""Hỏa tốc"", ""price"": 12.00}]","'ban':30 'bản':13 'chan':26 'chân':9 'co':29 'cung':33 'cùng':16 'cơ':12 'dang':25 'de':31 'dáng':8 'dễ':14 'jeans':2,19 'ke':23 'kế':6 'mau':28 'màu':11 'nam':3,20 'phoi':32 'phối':15 'quan':18 'quần':1 'slimfit':4,21 'sneaker':17,34 'thiet':22 'thiết':5 'ton':24 'tôn':7 'wash':10,27"
90,11,Quần Jeans Ống Rộng Xước Nhẹ,"Vải denim dày dặn, các đường rách (rip) tinh tế.",400000,"[""https://images.unsplash.com/photo-1582552938357-32b906df40cb?q=80&w=800""]","{""options"": [{""size"": ""31"", ""color"": ""Xanh Bạc""}, {""size"": ""32"", ""color"": ""Xanh Bạc""}]}",40,true,2026-04-04 09:39:12.842311+00,,"[{""name"": ""Form"", ""value"": ""Wide Leg""}]","Phong cách Retro hoài cổ, ống suông rộng.","[{""time"": ""5-7 ngày"", ""type"": ""Tiêu chuẩn"", ""price"": 3.00}, {""time"": ""1-2 ngày"", ""type"": ""Hỏa tốc"", ""price"": 12.00}]","'cac':27 'các':11 'dan':26 'day':25 'denim':8,24 'duong':28 'dày':9 'dặn':10 'jeans':2,18 'nhe':22 'nhẹ':6 'ong':19 'quan':17 'quần':1 'rach':29 'rip':14,30 'rong':20 'rách':13 'rộng':4 'te':32 'tinh':15,31 'tế':16 'vai':23 'vải':7 'xuoc':21 'xước':5 'đường':12 'ống':3"
91,11,Quần Bò Nam Đen Basic,"Must-have item cho mọi chàng trai, hợp đi làm lẫn đi bar.",320000,"[""https://images.unsplash.com/photo-1604176354204-9268737828e4?q=80&w=800""]","{""options"": [{""size"": ""29"", ""color"": ""Đen""}, {""size"": ""30"", ""color"": ""Đen""}]}",200,true,2026-04-04 09:39:12.842311+00,,"[{""name"": ""Công nghệ"", ""value"": ""Giữ màu bền bỉ""}]",Quần jeans đen tuyền không phai.,"[{""time"": ""5-7 ngày"", ""type"": ""Tiêu chuẩn"", ""price"": 3.00}, {""time"": ""1-2 ngày"", ""type"": ""Hỏa tốc"", ""price"": 12.00}]","'bar':19,38 'basic':5,24 'bo':21 'bò':2 'chang':31 'cho':10,29 'chàng':12 'den':23 'di':34,37 'have':8,27 'hop':33 'hợp':14 'item':9,28 'lam':35 'lan':36 'làm':16 'lẫn':17 'moi':30 'must':7,26 'must-have':6,25 'mọi':11 'nam':3,22 'quan':20 'quần':1 'trai':13,32 'đen':4 'đi':15,18"
92,12,Quần Short Kaki Nam,"Vải kaki mềm, đứng form, không bai xù.",180000,"[""https://images.unsplash.com/photo-1591195853828-11db59a44f6b?q=80&w=800""]","{""options"": [{""size"": ""30"", ""color"": ""Be""}, {""size"": ""31"", ""color"": ""Đen""}]}",100,true,2026-04-04 09:39:12.842311+00,,"[{""name"": ""Chất liệu"", ""value"": ""Kaki""}]",Short kaki ngang gối lịch sự.,"[{""time"": ""5-7 ngày"", ""type"": ""Tiêu chuẩn"", ""price"": 3.00}, {""time"": ""1-2 ngày"", ""type"": ""Hỏa tốc"", ""price"": 12.00}]","'bai':11,23 'dung':20 'form':9,21 'kaki':3,6,15,18 'khong':22 'không':10 'mem':19 'mềm':7 'nam':4,16 'quan':13 'quần':1 'short':2,14 'vai':17 'vải':5 'xu':24 'xù':12 'đứng':8"
93,12,Quần Đùi Thể Thao Co Giãn,"Lưng thun thoải mái, tích hợp túi zip an toàn.",150000,"[""https://images.unsplash.com/photo-1563630382373-7724a413d789?q=80&w=800""]","{""options"": [{""size"": ""M"", ""color"": ""Xám""}, {""size"": ""L"", ""color"": ""Xám""}]}",85,true,2026-04-04 09:39:12.842311+00,,"[{""name"": ""Tính năng"", ""value"": ""Nhanh khô""}]","Quần short tập gym, chạy bộ siêu nhẹ.","[{""time"": ""5-7 ngày"", ""type"": ""Tiêu chuẩn"", ""price"": 3.00}, {""time"": ""1-2 ngày"", ""type"": ""Hỏa tốc"", ""price"": 12.00}]","'an':15,31 'co':5,21 'dui':18 'gian':22 'giãn':6 'hop':28 'hợp':12 'lung':23 'lưng':7 'mai':26 'mái':10 'quan':17 'quần':1 'thao':4,20 'the':19 'thoai':25 'thoải':9 'thun':8,24 'thể':3 'tich':27 'toan':32 'toàn':16 'tui':29 'tích':11 'túi':13 'zip':14,30 'đùi':2"
94,12,Quần Short Jeans Rách Gấu,"Cắt gấu tua rua thời trang, wash sáng màu.",220000,"[""https://images.unsplash.com/photo-1550246140-5119ae4790b8?q=80&w=800""]","{""options"": [{""size"": ""30"", ""color"": ""Xanh Nhạt""}, {""size"": ""32"", ""color"": ""Xanh Nhạt""}]}",50,true,2026-04-04 09:39:12.842311+00,,"[{""name"": ""Form"", ""value"": ""Regular""}]",Short bò cá tính dạo phố.,"[{""time"": ""5-7 ngày"", ""type"": ""Tiêu chuẩn"", ""price"": 3.00}, {""time"": ""1-2 ngày"", ""type"": ""Hỏa tốc"", ""price"": 12.00}]","'cat':20 'cắt':6 'gau':19,21 'gấu':5,7 'jeans':3,17 'mau':28 'màu':14 'quan':15 'quần':1 'rach':18 'rua':9,23 'rách':4 'sang':27 'short':2,16 'sáng':13 'thoi':24 'thời':10 'trang':11,25 'tua':8,22 'wash':12,26"
95,13,Váy Hoa Nhí Dáng Dài,"Chất liệu lụa tơ sống bay bổng, tôn vòng eo.",380000,"[""https://images.unsplash.com/photo-1595777457583-95e059d581b8?q=80&w=800""]","{""options"": [{""size"": ""S"", ""color"": ""Vàng Hoa""}, {""size"": ""M"", ""color"": ""Đỏ Hoa""}]}",70,true,2026-04-04 09:39:12.842311+00,,"[{""name"": ""Phong cách"", ""value"": ""Vintage""}]",Đầm xòe họa tiết hoa mùa hè.,"[{""time"": ""5-7 ngày"", ""type"": ""Tiêu chuẩn"", ""price"": 3.00}, {""time"": ""1-2 ngày"", ""type"": ""Hỏa tốc"", ""price"": 12.00}]","'bay':11,26 'bong':27 'bổng':12 'chat':21 'chất':6 'dai':20 'dang':19 'dài':5 'dáng':4 'eo':15,30 'hoa':2,17 'lieu':22 'liệu':7 'lua':23 'lụa':8 'nhi':18 'nhí':3 'song':25 'sống':10 'to':24 'ton':28 'tôn':13 'tơ':9 'vay':16 'vong':29 'váy':1 'vòng':14"
96,13,Đầm Dạ Hội Trễ Vai,"Ôm sát body quyến rũ, chất nhung tăm nổi bật.",650000,"[""https://images.unsplash.com/photo-1566174053879-31528523f8ae?q=80&w=800""]","{""options"": [{""size"": ""S"", ""color"": ""Đỏ Rượu""}, {""size"": ""M"", ""color"": ""Đen""}]}",20,true,2026-04-04 09:39:12.842311+00,,"[{""name"": ""Sự kiện"", ""value"": ""Dạ hội / Tiệc""}]",Váy dự tiệc sang trọng.,"[{""time"": ""5-7 ngày"", ""type"": ""Tiêu chuẩn"", ""price"": 3.00}, {""time"": ""1-2 ngày"", ""type"": ""Hỏa tốc"", ""price"": 12.00}]","'bat':30 'body':8,23 'bật':15 'chat':26 'chất':11 'da':17 'dam':16 'dạ':2 'hoi':18 'hội':3 'nhung':12,27 'noi':29 'nổi':14 'om':21 'quyen':24 'quyến':9 'ru':25 'rũ':10 'sat':22 'sát':7 'tam':28 'tre':19 'trễ':4 'tăm':13 'vai':5,20 'ôm':6 'đầm':1"
97,13,Váy Suông Chữ A Công Sở,"Thiết kế tối giản, che khuyết điểm vòng 2 hoàn hảo.",420000,"[""https://images.unsplash.com/photo-1572804013309-82a89b4f259e?q=80&w=800""]","{""options"": [{""size"": ""M"", ""color"": ""Xanh Cổ Vịt""}, {""size"": ""L"", ""color"": ""Be""}]}",90,true,2026-04-04 09:39:12.842311+00,,"[{""name"": ""Form"", ""value"": ""Chữ A""}]",Đầm thanh lịch đi làm.,"[{""time"": ""5-7 ngày"", ""type"": ""Tiêu chuẩn"", ""price"": 3.00}, {""time"": ""1-2 ngày"", ""type"": ""Hỏa tốc"", ""price"": 12.00}]","'2':15,32 'a':4,21 'che':11,28 'chu':20 'chữ':3 'cong':22 'công':5 'diem':30 'gian':27 'giản':10 'hao':34 'hoan':33 'hoàn':16 'hảo':17 'ke':25 'khuyet':29 'khuyết':12 'kế':8 'so':23 'suong':19 'suông':2 'sở':6 'thiet':24 'thiết':7 'toi':26 'tối':9 'vay':18 'vong':31 'váy':1 'vòng':14 'điểm':13"
98,14,Áo Sơ Mi Nữ Cổ Tàu Dáng Peplum,"Chiết eo cao tôn dáng, chất liệu lụa Hàn Quốc mềm mượt.",290000,"[""https://images.unsplash.com/photo-1564257631407-4deec1f20ac8?q=80&w=800""]","{""options"": [{""size"": ""S"", ""color"": ""Trắng""}, {""size"": ""M"", ""color"": ""Trắng""}]}",65,true,2026-04-04 09:39:12.842311+00,,"[{""name"": ""Chất liệu"", ""value"": ""Lụa Hàn""}]",Áo kiểu công sở điệu đà.,"[{""time"": ""5-7 ngày"", ""type"": ""Tiêu chuẩn"", ""price"": 3.00}, {""time"": ""1-2 ngày"", ""type"": ""Hỏa tốc"", ""price"": 12.00}]","'ao':21 'cao':11,31 'chat':34 'chiet':29 'chiết':9 'chất':14 'co':25 'cổ':5 'dang':27,33 'dáng':7,13 'eo':10,30 'han':37 'hàn':17 'lieu':35 'liệu':15 'lua':36 'lụa':16 'mem':39 'mi':3,23 'muot':40 'mượt':20 'mềm':19 'nu':24 'nữ':4 'peplum':8,28 'quoc':38 'quốc':18 'so':22 'sơ':2 'tau':26 'ton':32 'tàu':6 'tôn':12 'áo':1"
99,14,Áo Voan Hoa Cộc Tay,"Bèo nhún nữ tính, kết hợp cùng chân váy cực hợp.",210000,"[""https://images.unsplash.com/photo-1551163943-3f6a855d1153?q=80&w=800""]","{""options"": [{""size"": ""M"", ""color"": ""Hồng Hoa""}, {""size"": ""L"", ""color"": ""Xanh Hoa""}]}",50,true,2026-04-04 09:39:12.842311+00,,"[{""name"": ""Cổ áo"", ""value"": ""Cổ tròn buộc nơ""}]",Áo blouse mùa hè mát mẻ.,"[{""time"": ""5-7 ngày"", ""type"": ""Tiêu chuẩn"", ""price"": 3.00}, {""time"": ""1-2 ngày"", ""type"": ""Hỏa tốc"", ""price"": 12.00}]","'ao':17 'beo':22 'bèo':6 'chan':29 'chân':13 'coc':20 'cuc':31 'cung':28 'cùng':12 'cộc':4 'cực':15 'hoa':3,19 'hop':27,32 'hợp':11,16 'ket':26 'kết':10 'nhun':23 'nhún':7 'nu':24 'nữ':8 'tay':5,21 'tinh':25 'tính':9 'vay':30 'voan':2,18 'váy':14 'áo':1"
100,14,Áo Kiểu Trễ Vai Tay Bồng,"Khoe xương quai xanh tinh tế, chun bo eo ôm gọn.",250000,"[""https://images.unsplash.com/photo-1503342217505-b0a15ec3261c?q=80&w=800""]","{""options"": [{""size"": ""S"", ""color"": ""Trắng""}, {""size"": ""M"", ""color"": ""Đen""}]}",80,true,2026-04-04 09:39:12.842311+00,,"[{""name"": ""Kiểu dáng"", ""value"": ""Trễ vai""}]",Áo quyến rũ cho buổi hẹn hò.,"[{""time"": ""5-7 ngày"", ""type"": ""Tiêu chuẩn"", ""price"": 3.00}, {""time"": ""1-2 ngày"", ""type"": ""Hỏa tốc"", ""price"": 12.00}]","'ao':18 'bo':14,31 'bong':23 'bồng':6 'chun':13,30 'eo':15,32 'gon':34 'gọn':17 'khoe':7,24 'kieu':19 'kiểu':2 'om':33 'quai':9,26 'tay':5,22 'te':29 'tinh':11,28 'tre':20 'trễ':3 'tế':12 'vai':4,21 'xanh':10,27 'xuong':25 'xương':8 'áo':1 'ôm':16"